ID do comentário,ID do canal,Carimbo de data/hora em que o comentário foi criado,Preço,ID do comentário principal,ID do vídeo,Texto do comentário
UgxEh6LuufYvEDf0Wh14AaABAg,UCrsNwtQMZ2JXMJFbrhEwnpw,2019-10-10T15:48:29.689755+00:00,0,,ddJz5ttKiwE,"{""text"":""Como alguém que toca piano a um tempinho, e vendo que tu realmente toca bem. Toma cuidado ao desencorajar pessoas, vi seu comentário em vídeo de uma garota que estava tocando, realmente ela tocava errado, com uma postura horrível e com MUITA tensão nas mãos, mas não era necessário xingar ou falar que ela é ruim. Você está em um ótimo caminho, só cuida com a humildade, todos começam e ninguém é exatamente bom. E lembre-se, tocar música clássica não te faz melhor que qualquer pessoa que toque jazz, ragtime ou música popular. Muito sucesso ai cara, realmente toca bem.""}"
UgztXyCulphXXO7x-6p4AaABAg.9-BQKuhSSpd9-urfMo486Q,UCrsNwtQMZ2JXMJFbrhEwnpw,2019-10-10T15:40:54.801338+00:00,0,UgztXyCulphXXO7x-6p4AaABAg,mPM93ZmnlyA,"{""text"":""Não tem muito como o coitado usar dinamica em um teclado destes, ele toca bem chega a ser triste ver isso USHAUSHAUHSHUASHUA. Os acordes estavam extremamente altos. Sem sustain também é triste""}"
UgwgRDTgcotCZtla0at4AaABAg,UCrsNwtQMZ2JXMJFbrhEwnpw,2019-09-24T15:00:39.865677+00:00,0,,5Yamu70Z_FI,"{""text"":""Mesmo amando música clássica é dificil não lembrar de Hunter x Hunter e a cena do leilão. :/""}"
UgglOZ4sljhYF3gCoAEC,UCrsNwtQMZ2JXMJFbrhEwnpw,2015-03-29T19:47:25.837+00:00,0,,N0qpIVTt-_s,"{""text"":""What cute got this like were your strategy... Like you didn't watched the boxbox stream and saw pink ward...""}"
Ugg0moC7S6KzQHgCoAEC.7-H0Z7-5WHD7-JMyVPABHO,UCrsNwtQMZ2JXMJFbrhEwnpw,2015-03-12T18:15:16.855626+00:00,0,Ugg0moC7S6KzQHgCoAEC,Oh-_2rxliFo,"{""text"":""ta poha ilha é noix""}"
UgiSFt8RC_5viXgCoAEC,UCrsNwtQMZ2JXMJFbrhEwnpw,2015-02-22T02:15:49.529+00:00,0,,nlcIKh6sBtc,"{""text"":""Wow Randy sings pretty well""}"
UggH0tZEyrSCk3gCoAEC,UCrsNwtQMZ2JXMJFbrhEwnpw,2015-01-30T23:54:43.424+00:00,0,,vCjo65xboBw,"{""text"":""You should have a school to teach all this really usefull things :O""}"
UgjLtEUJASo3A3gCoAEC,UCrsNwtQMZ2JXMJFbrhEwnpw,2015-01-20T19:18:32.892+00:00,0,,qXPw-gtC1GY,"{""text"":""Kenny  vs Stewie""}"
UgjGXhNzEk2533gCoAEC,UCrsNwtQMZ2JXMJFbrhEwnpw,2015-01-05T00:32:16.307+00:00,0,,9wiZnVKOgSk,"{""text"":""Queria falar nada castanhari mas na parte que esta mostrando como ele faz a voz do kenny na verdade eles está dublando o kyle quando a boca dele esta custurada no anus do japanes lá. sjfnjsafjsafnjsf ""}"
UgiD_Pv8ltR-TngCoAEC,UCrsNwtQMZ2JXMJFbrhEwnpw,2015-01-03T18:14:52.735+00:00,0,,J01wMby0B4Y,"{""text"":""Mandy virando foca foi demais, cansei de mostrar para amigos e ver e morrer rindo simplesmente inexplicável ou Mandy sjfnasjkfnsajkfnjkasfnjksafnjkasfnkjsfnsjf ""}"
UgiEcHrICKRHWHgCoAEC,UCrsNwtQMZ2JXMJFbrhEwnpw,2014-08-06T21:56:26+00:00,0,,EigaYC3kTIk,"{""text"":""This one or infamous""}"
UghK9suw-p19H3gCoAEC.7-H0Z7-0tds77WCV5V8_P6,UCrsNwtQMZ2JXMJFbrhEwnpw,2014-06-03T17:16:28.419448+00:00,0,UghK9suw-p19H3gCoAEC,6n4sGrxOnIc,"{""text"":""guy \""tutorial\"" is in portuguese, and english is the most speaked language in the world so we use some terms in english ^^""}"





