{
  "fitnessActivity": "walking",
  "startTime": "2023-11-22T09:00:46.105Z",
  "endTime": "2023-11-22T09:15:00.079Z",
  "duration": "853.974s",
  "segment": [{
    "fitnessActivity": "walking",
    "startTime": "2023-11-22T09:00:46.105Z",
    "endTime": "2023-11-22T09:15:00.079Z"
  }],
  "aggregate": [{
    "metricName": "com.google.heart_minutes.summary",
    "floatValue": 9.0
  }, {
    "metricName": "com.google.calories.expended",
    "floatValue": 82.930364
  }, {
    "metricName": "com.google.step_count.delta",
    "intValue": 1255
  }, {
    "metricName": "com.google.distance.delta",
    "floatValue": 0.029693115438108486
  }, {
    "metricName": "com.google.speed.summary",
    "floatValue": 1.1792652658715705
  }, {
    "metricName": "com.google.active_minutes",
    "intValue": 14
  }]
}