{
  "fitnessActivity": "walking",
  "startTime": "2023-12-16T16:53:20.182Z",
  "endTime": "2023-12-16T17:46:14.310Z",
  "duration": "2397.529s",
  "segment": [{
    "fitnessActivity": "walking",
    "startTime": "2023-12-16T16:53:20.182Z",
    "endTime": "2023-12-16T16:57:46.811Z"
  }, {
    "fitnessActivity": "walking",
    "startTime": "2023-12-16T16:59:22.189Z",
    "endTime": "2023-12-16T17:09:01.424Z"
  }, {
    "fitnessActivity": "walking",
    "startTime": "2023-12-16T17:09:01.424Z",
    "endTime": "2023-12-16T17:10:21.185Z"
  }, {
    "fitnessActivity": "walking",
    "startTime": "2023-12-16T17:10:21.185Z",
    "endTime": "2023-12-16T17:14:48.092Z"
  }, {
    "fitnessActivity": "walking",
    "startTime": "2023-12-16T17:21:52.356Z",
    "endTime": "2023-12-16T17:22:22.736Z"
  }, {
    "fitnessActivity": "walking",
    "startTime": "2023-12-16T17:22:22.736Z",
    "endTime": "2023-12-16T17:29:47.099Z"
  }, {
    "fitnessActivity": "walking",
    "startTime": "2023-12-16T17:34:04.056Z",
    "endTime": "2023-12-16T17:34:19.716Z"
  }, {
    "fitnessActivity": "walking",
    "startTime": "2023-12-16T17:34:19.716Z",
    "endTime": "2023-12-16T17:46:14.310Z"
  }],
  "aggregate": [{
    "metricName": "com.google.heart_minutes.summary",
    "floatValue": 18.0
  }, {
    "metricName": "com.google.calories.expended",
    "floatValue": 248.87769904882796
  }, {
    "metricName": "com.google.step_count.delta",
    "intValue": 3739
  }, {
    "metricName": "com.google.distance.delta",
    "floatValue": 2628.0225126943546
  }, {
    "metricName": "com.google.speed.summary",
    "floatValue": 1.0373451871561534
  }, {
    "metricName": "com.google.active_minutes",
    "intValue": 42
  }]
}