{
  "fitnessActivity": "walking",
  "startTime": "2023-12-29T17:33:36.760Z",
  "endTime": "2023-12-29T18:00:34.227Z",
  "duration": "1033.693s",
  "segment": [{
    "fitnessActivity": "walking",
    "startTime": "2023-12-29T17:33:36.760Z",
    "endTime": "2023-12-29T17:43:00.739Z"
  }, {
    "fitnessActivity": "walking",
    "startTime": "2023-12-29T17:52:44.513Z",
    "endTime": "2023-12-29T18:00:34.227Z"
  }],
  "aggregate": [{
    "metricName": "com.google.heart_minutes.summary",
    "floatValue": 8.0
  }, {
    "metricName": "com.google.calories.expended",
    "floatValue": 112.44875194097222
  }, {
    "metricName": "com.google.step_count.delta",
    "intValue": 1537
  }, {
    "metricName": "com.google.distance.delta",
    "floatValue": 1064.9423615333776
  }, {
    "metricName": "com.google.speed.summary",
    "floatValue": 0.791030352322122
  }, {
    "metricName": "com.google.active_minutes",
    "intValue": 18
  }]
}