{
  "fitnessActivity": "walking",
  "startTime": "2023-12-17T23:51:32.457Z",
  "endTime": "2023-12-18T00:23:54.809Z",
  "duration": "608.576s",
  "segment": [{
    "fitnessActivity": "walking",
    "startTime": "2023-12-17T23:51:32.457Z",
    "endTime": "2023-12-17T23:56:47.732Z"
  }, {
    "fitnessActivity": "walking",
    "startTime": "2023-12-17T23:56:47.732Z",
    "endTime": "2023-12-17T23:56:56.091Z"
  }, {
    "fitnessActivity": "walking",
    "startTime": "2023-12-18T00:02:25.768Z",
    "endTime": "2023-12-18T00:04:41.933Z"
  }, {
    "fitnessActivity": "walking",
    "startTime": "2023-12-18T00:04:41.933Z",
    "endTime": "2023-12-18T00:04:51.386Z"
  }, {
    "fitnessActivity": "walking",
    "startTime": "2023-12-18T00:15:42.926Z",
    "endTime": "2023-12-18T00:16:52.391Z"
  }, {
    "fitnessActivity": "walking",
    "startTime": "2023-12-18T00:22:44.950Z",
    "endTime": "2023-12-18T00:23:52.643Z"
  }, {
    "fitnessActivity": "walking",
    "startTime": "2023-12-18T00:23:52.643Z",
    "endTime": "2023-12-18T00:23:54.809Z"
  }],
  "aggregate": [{
    "metricName": "com.google.calories.expended",
    "floatValue": 86.66661171356648
  }, {
    "metricName": "com.google.step_count.delta",
    "intValue": 614
  }, {
    "metricName": "com.google.distance.delta",
    "floatValue": 384.8283568420618
  }, {
    "metricName": "com.google.speed.summary",
    "floatValue": 0.7075931757893278
  }, {
    "metricName": "com.google.active_minutes",
    "intValue": 10
  }]
}