{
  "fitnessActivity": "walking",
  "startTime": "2023-12-14T18:57:51.642Z",
  "endTime": "2023-12-14T19:18:20.842Z",
  "duration": "1161.450s",
  "segment": [{
    "fitnessActivity": "walking",
    "startTime": "2023-12-14T18:57:51.642Z",
    "endTime": "2023-12-14T18:58:25.524Z"
  }, {
    "fitnessActivity": "walking",
    "startTime": "2023-12-14T18:59:33.274Z",
    "endTime": "2023-12-14T19:18:20.842Z"
  }],
  "aggregate": [{
    "metricName": "com.google.heart_minutes.summary",
    "floatValue": 1.0
  }, {
    "metricName": "com.google.calories.expended",
    "floatValue": 114.18998428819444
  }, {
    "metricName": "com.google.step_count.delta",
    "intValue": 710
  }, {
    "metricName": "com.google.distance.delta",
    "floatValue": 485.75142163969235
  }, {
    "metricName": "com.google.speed.summary",
    "floatValue": 0.8400231957069549
  }, {
    "metricName": "com.google.active_minutes",
    "intValue": 12
  }]
}