{
  "fitnessActivity": "biking",
  "startTime": "2023-12-14T20:52:08.592Z",
  "endTime": "2023-12-14T21:24:02.566Z",
  "duration": "1913.974s",
  "segment": [{
    "fitnessActivity": "biking",
    "startTime": "2023-12-14T20:52:08.592Z",
    "endTime": "2023-12-14T21:24:02.566Z"
  }],
  "aggregate": [{
    "metricName": "com.google.heart_minutes.summary",
    "floatValue": 31.0
  }, {
    "metricName": "com.google.calories.expended",
    "floatValue": 195.65067555555555
  }, {
    "metricName": "com.google.active_minutes",
    "intValue": 31
  }]
}