{
  "fitnessActivity": "walking",
  "startTime": "2023-12-08T18:35:40.196Z",
  "endTime": "2023-12-08T18:55:51.636Z",
  "duration": "1008.504s",
  "segment": [{
    "fitnessActivity": "walking",
    "startTime": "2023-12-08T18:35:40.196Z",
    "endTime": "2023-12-08T18:45:38.049Z"
  }, {
    "fitnessActivity": "walking",
    "startTime": "2023-12-08T18:49:00.985Z",
    "endTime": "2023-12-08T18:55:51.636Z"
  }],
  "aggregate": [{
    "metricName": "com.google.heart_minutes.summary",
    "floatValue": 10.0
  }, {
    "metricName": "com.google.calories.expended",
    "floatValue": 102.13130698611111
  }, {
    "metricName": "com.google.step_count.delta",
    "intValue": 1524
  }, {
    "metricName": "com.google.distance.delta",
    "floatValue": 1132.1224802073884
  }, {
    "metricName": "com.google.speed.summary",
    "floatValue": 1.075381489947891
  }, {
    "metricName": "com.google.active_minutes",
    "intValue": 17
  }]
}