{
  "fitnessActivity": "walking",
  "startTime": "2023-11-21T17:28:00Z",
  "endTime": "2023-11-21T17:38:00Z",
  "duration": "600s",
  "segment": [{
    "fitnessActivity": "walking",
    "startTime": "2023-11-21T17:28:00Z",
    "endTime": "2023-11-21T17:38:00Z"
  }],
  "aggregate": [{
    "metricName": "com.google.heart_minutes.summary",
    "floatValue": 2.0
  }, {
    "metricName": "com.google.calories.expended",
    "floatValue": 58.26666666666666
  }, {
    "metricName": "com.google.step_count.delta",
    "intValue": 541
  }, {
    "metricName": "com.google.distance.delta",
    "floatValue": 385.0
  }, {
    "metricName": "com.google.speed.summary",
    "floatValue": 0.8782220659728129
  }, {
    "metricName": "com.google.active_minutes",
    "intValue": 7
  }]
}