{
  "fitnessActivity": "biking",
  "startTime": "2023-12-14T22:27:09.141Z",
  "endTime": "2023-12-14T22:42:44.536Z",
  "duration": "935.395s",
  "segment": [{
    "fitnessActivity": "biking",
    "startTime": "2023-12-14T22:27:09.141Z",
    "endTime": "2023-12-14T22:42:44.536Z"
  }],
  "aggregate": [{
    "metricName": "com.google.heart_minutes.summary",
    "floatValue": 14.0
  }, {
    "metricName": "com.google.calories.expended",
    "floatValue": 95.61815555555555
  }, {
    "metricName": "com.google.active_minutes",
    "intValue": 14
  }]
}