{
  "fitnessActivity": "walking",
  "startTime": "2024-01-22T17:38:14.866Z",
  "endTime": "2024-01-22T17:55:49.710Z",
  "duration": "1054.844s",
  "segment": [{
    "fitnessActivity": "walking",
    "startTime": "2024-01-22T17:38:14.866Z",
    "endTime": "2024-01-22T17:39:13.772Z"
  }, {
    "fitnessActivity": "walking",
    "startTime": "2024-01-22T17:39:13.772Z",
    "endTime": "2024-01-22T17:55:49.710Z"
  }],
  "aggregate": [{
    "metricName": "com.google.heart_minutes.summary",
    "floatValue": 8.0
  }, {
    "metricName": "com.google.calories.expended",
    "floatValue": 102.43705627727682
  }, {
    "metricName": "com.google.step_count.delta",
    "intValue": 1364
  }, {
    "metricName": "com.google.distance.delta",
    "floatValue": 951.4354269939313
  }, {
    "metricName": "com.google.speed.summary",
    "floatValue": 1.0455536838726385
  }, {
    "metricName": "com.google.active_minutes",
    "intValue": 15
  }]
}