{
  "fitnessActivity": "walking",
  "startTime": "2024-01-28T17:38:05.418Z",
  "endTime": "2024-01-28T18:05:12.299Z",
  "duration": "1122.412s",
  "segment": [{
    "fitnessActivity": "walking",
    "startTime": "2024-01-28T17:38:05.418Z",
    "endTime": "2024-01-28T17:38:50.261Z"
  }, {
    "fitnessActivity": "walking",
    "startTime": "2024-01-28T17:38:50.261Z",
    "endTime": "2024-01-28T17:47:45.373Z"
  }, {
    "fitnessActivity": "walking",
    "startTime": "2024-01-28T17:55:02.422Z",
    "endTime": "2024-01-28T18:02:55.564Z"
  }, {
    "fitnessActivity": "walking",
    "startTime": "2024-01-28T18:04:02.984Z",
    "endTime": "2024-01-28T18:05:12.299Z"
  }],
  "aggregate": [{
    "metricName": "com.google.heart_minutes.summary",
    "floatValue": 7.0
  }, {
    "metricName": "com.google.calories.expended",
    "floatValue": 119.4252447703214
  }, {
    "metricName": "com.google.step_count.delta",
    "intValue": 1441
  }, {
    "metricName": "com.google.distance.delta",
    "floatValue": 969.054710948684
  }, {
    "metricName": "com.google.speed.summary",
    "floatValue": 0.8295611354448331
  }, {
    "metricName": "com.google.active_minutes",
    "intValue": 15
  }]
}