{
  "fitnessActivity": "walking",
  "startTime": "2024-03-15T18:28:04.212Z",
  "endTime": "2024-03-15T18:51:29.798Z",
  "duration": "1089.749s",
  "segment": [{
    "fitnessActivity": "walking",
    "startTime": "2024-03-15T18:28:04.212Z",
    "endTime": "2024-03-15T18:39:45.006Z"
  }, {
    "fitnessActivity": "walking",
    "startTime": "2024-03-15T18:45:00.843Z",
    "endTime": "2024-03-15T18:45:25.897Z"
  }, {
    "fitnessActivity": "walking",
    "startTime": "2024-03-15T18:45:25.897Z",
    "endTime": "2024-03-15T18:51:29.798Z"
  }],
  "aggregate": [{
    "metricName": "com.google.heart_minutes.summary",
    "floatValue": 7.0
  }, {
    "metricName": "com.google.calories.expended",
    "floatValue": 112.35456532084875
  }, {
    "metricName": "com.google.step_count.delta",
    "intValue": 1380
  }, {
    "metricName": "com.google.distance.delta",
    "floatValue": 956.3715088942807
  }, {
    "metricName": "com.google.speed.summary",
    "floatValue": 0.8717406274434097
  }, {
    "metricName": "com.google.active_minutes",
    "intValue": 19
  }]
}