{
  "fitnessActivity": "walking",
  "startTime": "2024-01-03T17:16:46.962Z",
  "endTime": "2024-01-03T17:27:29.096Z",
  "duration": "642.134s",
  "segment": [{
    "fitnessActivity": "walking",
    "startTime": "2024-01-03T17:16:46.962Z",
    "endTime": "2024-01-03T17:17:00.933Z"
  }, {
    "fitnessActivity": "walking",
    "startTime": "2024-01-03T17:17:00.933Z",
    "endTime": "2024-01-03T17:27:29.096Z"
  }],
  "aggregate": [{
    "metricName": "com.google.heart_minutes.summary",
    "floatValue": 10.0
  }, {
    "metricName": "com.google.calories.expended",
    "floatValue": 62.35831892674791
  }, {
    "metricName": "com.google.step_count.delta",
    "intValue": 1088
  }, {
    "metricName": "com.google.distance.delta",
    "floatValue": 776.8043647660825
  }, {
    "metricName": "com.google.speed.summary",
    "floatValue": 1.2387721489634231
  }, {
    "metricName": "com.google.active_minutes",
    "intValue": 11
  }]
}