{
  "fitnessActivity": "walking",
  "startTime": "2024-01-27T18:59:53.229Z",
  "endTime": "2024-01-27T19:20:01.340Z",
  "duration": "1020.323s",
  "segment": [{
    "fitnessActivity": "walking",
    "startTime": "2024-01-27T18:59:53.229Z",
    "endTime": "2024-01-27T19:10:05.491Z"
  }, {
    "fitnessActivity": "walking",
    "startTime": "2024-01-27T19:13:13.279Z",
    "endTime": "2024-01-27T19:20:01.340Z"
  }],
  "aggregate": [{
    "metricName": "com.google.heart_minutes.summary",
    "floatValue": 8.0
  }, {
    "metricName": "com.google.calories.expended",
    "floatValue": 102.96597824305556
  }, {
    "metricName": "com.google.step_count.delta",
    "intValue": 1437
  }, {
    "metricName": "com.google.distance.delta",
    "floatValue": 988.4333358669138
  }, {
    "metricName": "com.google.speed.summary",
    "floatValue": 1.067909952186145
  }, {
    "metricName": "com.google.active_minutes",
    "intValue": 16
  }]
}