ID do canal,URL do canal,Título do canal
UC-lHJZR3Gqxm24_Vd_AJ5Yw,http://www.youtube.com/channel/UC-lHJZR3Gqxm24_Vd_AJ5Yw,PewDiePie
UC130oC2JmKYmdPQhJ2tVLog,http://www.youtube.com/channel/UC130oC2JmKYmdPQhJ2tVLog,Morrolan TV
UC6HgtPsHwpCdqcJih3amKMA,http://www.youtube.com/channel/UC6HgtPsHwpCdqcJih3amKMA,Amarelito
UC6Riy1ACTfVAeWvnkoHnGKg,http://www.youtube.com/channel/UC6Riy1ACTfVAeWvnkoHnGKg,Patox Jogos
UCHAx8o0jj-8L_sqR5QM1Cwg,http://www.youtube.com/channel/UCHAx8o0jj-8L_sqR5QM1Cwg,La Fênix
UCKYuu2uw6LlliJGSWvvdxAw,http://www.youtube.com/channel/UCKYuu2uw6LlliJGSWvvdxAw,LeNinja Mode
UCPmCaKjzYF3pXYLfaRhacwA,http://www.youtube.com/channel/UCPmCaKjzYF3pXYLfaRhacwA,Kassia
UCYqUeag4b1UmvQ-cC2Jtvng,http://www.youtube.com/channel/UCYqUeag4b1UmvQ-cC2Jtvng,"Canal desativado, vá para o Dézo"
UCZzvDDvaYti8Dd8bLEiSoyQ,http://www.youtube.com/channel/UCZzvDDvaYti8Dd8bLEiSoyQ,MrBeast 3
UCe9oofjVfJzapRyVlt57x8Q,http://www.youtube.com/channel/UCe9oofjVfJzapRyVlt57x8Q,Marzia
UCf3KiF8b4hpoBxCj8Jqr8Pg,http://www.youtube.com/channel/UCf3KiF8b4hpoBxCj8Jqr8Pg,kunispacegames
UCgb7cW-NE8XGxDc9AkAVNoA,http://www.youtube.com/channel/UCgb7cW-NE8XGxDc9AkAVNoA,ZBRA
UCtDTO_RQr8wf_lhvcPWvUgQ,http://www.youtube.com/channel/UCtDTO_RQr8wf_lhvcPWvUgQ,Daveyx3
UCtmY49Zn4l0RMJnTWfV7Wsg,http://www.youtube.com/channel/UCtmY49Zn4l0RMJnTWfV7Wsg,Jacob Collier
UCuVIWETFdxzwlHEHMbhm2_w,http://www.youtube.com/channel/UCuVIWETFdxzwlHEHMbhm2_w,Zangado
UCykrkPQNZvxykBLbJtdRjeQ,http://www.youtube.com/channel/UCykrkPQNZvxykBLbJtdRjeQ,+ Patrux (Arquivo)





