{
    "Data Source": "derived:com.google.internal.goal:com.google.android.apps.fitness:com_google_step_count_delta.cumulative.day...sample",
    "Data Points": [
        {"fitValue":[{"blob":{"internalGoal":{"endTimeNanos":9223372036854000000,"dataTypeName":"com.google.step_count.delta","cumulativeObjective":{"objective":{"fieldName":"steps","value":{"intVal":10000},"operator":"GTE"}},"recurInterval":{"unit":"DAY","count":1},"startTimeNanos":1700581220124000000}}}],"originDataSourceId":"","endTimeNanos":1700581220124000000,"dataTypeName":"com.google.internal.goal","startTimeNanos":1700581220124000000,"modifiedTimeMillis":1700581316962,"rawTimestampNanos":0}
    ]
}