{
    "Data Source": "derived:com.google.sleep.segment:com.google.android.gms:merged",
    "Data Points": [
        {"fitValue":[{"value":{"intVal":4}}],"originDataSourceId":"raw:com.google.sleep.segment:com.xiaomi.hm.health:GoogleFitSyncHelper- sleep segments","endTimeNanos":1700536980000000000,"dataTypeName":"com.google.sleep.segment","startTimeNanos":1700536260000000000,"modifiedTimeMillis":1700585548869,"rawTimestampNanos":0},
        {"fitValue":[{"value":{"intVal":5}}],"originDataSourceId":"raw:com.google.sleep.segment:com.xiaomi.hm.health:GoogleFitSyncHelper- sleep segments","endTimeNanos":1700539500000000000,"dataTypeName":"com.google.sleep.segment","startTimeNanos":1700536980000000000,"modifiedTimeMillis":1700585548869,"rawTimestampNanos":0},
        {"fitValue":[{"value":{"intVal":4}}],"originDataSourceId":"raw:com.google.sleep.segment:com.xiaomi.hm.health:GoogleFitSyncHelper- sleep segments","endTimeNanos":1700540520000000000,"dataTypeName":"com.google.sleep.segment","startTimeNanos":1700539500000000000,"modifiedTimeMillis":1700585548869,"rawTimestampNanos":0},
        {"fitValue":[{"value":{"intVal":5}}],"originDataSourceId":"raw:com.google.sleep.segment:com.xiaomi.hm.health:GoogleFitSyncHelper- sleep segments","endTimeNanos":1700541540000000000,"dataTypeName":"com.google.sleep.segment","startTimeNanos":1700540520000000000,"modifiedTimeMillis":1700585548869,"rawTimestampNanos":0},
        {"fitValue":[{"value":{"intVal":4}}],"originDataSourceId":"raw:com.google.sleep.segment:com.xiaomi.hm.health:GoogleFitSyncHelper- sleep segments","endTimeNanos":1700541840000000000,"dataTypeName":"com.google.sleep.segment","startTimeNanos":1700541540000000000,"modifiedTimeMillis":1700585548869,"rawTimestampNanos":0},
        {"fitValue":[{"value":{"intVal":6}}],"originDataSourceId":"raw:com.google.sleep.segment:com.xiaomi.hm.health:GoogleFitSyncHelper- sleep segments","endTimeNanos":1700542140000000000,"dataTypeName":"com.google.sleep.segment","startTimeNanos":1700541840000000000,"modifiedTimeMillis":1700585548869,"rawTimestampNanos":0},
        {"fitValue":[{"value":{"intVal":4}}],"originDataSourceId":"raw:com.google.sleep.segment:com.xiaomi.hm.health:GoogleFitSyncHelper- sleep segments","endTimeNanos":1700545740000000000,"dataTypeName":"com.google.sleep.segment","startTimeNanos":1700542140000000000,"modifiedTimeMillis":1700585548869,"rawTimestampNanos":0},
        {"fitValue":[{"value":{"intVal":6}}],"originDataSourceId":"raw:com.google.sleep.segment:com.xiaomi.hm.health:GoogleFitSyncHelper- sleep segments","endTimeNanos":1700546040000000000,"dataTypeName":"com.google.sleep.segment","startTimeNanos":1700545740000000000,"modifiedTimeMillis":1700585548869,"rawTimestampNanos":0},
        {"fitValue":[{"value":{"intVal":4}}],"originDataSourceId":"raw:com.google.sleep.segment:com.xiaomi.hm.health:GoogleFitSyncHelper- sleep segments","endTimeNanos":1700551860000000000,"dataTypeName":"com.google.sleep.segment","startTimeNanos":1700546040000000000,"modifiedTimeMillis":1700585548869,"rawTimestampNanos":0},
        {"fitValue":[{"value":{"intVal":6}}],"originDataSourceId":"raw:com.google.sleep.segment:com.xiaomi.hm.health:GoogleFitSyncHelper- sleep segments","endTimeNanos":1700552160000000000,"dataTypeName":"com.google.sleep.segment","startTimeNanos":1700551860000000000,"modifiedTimeMillis":1700585548869,"rawTimestampNanos":0},
        {"fitValue":[{"value":{"intVal":4}}],"originDataSourceId":"raw:com.google.sleep.segment:com.xiaomi.hm.health:GoogleFitSyncHelper- sleep segments","endTimeNanos":1700552220000000000,"dataTypeName":"com.google.sleep.segment","startTimeNanos":1700552160000000000,"modifiedTimeMillis":1700585548869,"rawTimestampNanos":0},
        {"fitValue":[{"value":{"intVal":6}}],"originDataSourceId":"raw:com.google.sleep.segment:com.xiaomi.hm.health:GoogleFitSyncHelper- sleep segments","endTimeNanos":1700552640000000000,"dataTypeName":"com.google.sleep.segment","startTimeNanos":1700552220000000000,"modifiedTimeMillis":1700585548869,"rawTimestampNanos":0},
        {"fitValue":[{"value":{"intVal":4}}],"originDataSourceId":"raw:com.google.sleep.segment:com.xiaomi.hm.health:GoogleFitSyncHelper- sleep segments","endTimeNanos":1700553900000000000,"dataTypeName":"com.google.sleep.segment","startTimeNanos":1700552640000000000,"modifiedTimeMillis":1700585548869,"rawTimestampNanos":0},
        {"fitValue":[{"value":{"intVal":6}}],"originDataSourceId":"raw:com.google.sleep.segment:com.xiaomi.hm.health:GoogleFitSyncHelper- sleep segments","endTimeNanos":1700554320000000000,"dataTypeName":"com.google.sleep.segment","startTimeNanos":1700553900000000000,"modifiedTimeMillis":1700585548869,"rawTimestampNanos":0},
        {"fitValue":[{"value":{"intVal":4}}],"originDataSourceId":"raw:com.google.sleep.segment:com.xiaomi.hm.health:GoogleFitSyncHelper- sleep segments","endTimeNanos":1700554380000000000,"dataTypeName":"com.google.sleep.segment","startTimeNanos":1700554320000000000,"modifiedTimeMillis":1700585548869,"rawTimestampNanos":0},
        {"fitValue":[{"value":{"intVal":6}}],"originDataSourceId":"raw:com.google.sleep.segment:com.xiaomi.hm.health:GoogleFitSyncHelper- sleep segments","endTimeNanos":1700554980000000000,"dataTypeName":"com.google.sleep.segment","startTimeNanos":1700554380000000000,"modifiedTimeMillis":1700585548869,"rawTimestampNanos":0},
        {"fitValue":[{"value":{"intVal":4}}],"originDataSourceId":"raw:com.google.sleep.segment:com.xiaomi.hm.health:GoogleFitSyncHelper- sleep segments","endTimeNanos":1700555760000000000,"dataTypeName":"com.google.sleep.segment","startTimeNanos":1700554980000000000,"modifiedTimeMillis":1700585548869,"rawTimestampNanos":0},
        {"fitValue":[{"value":{"intVal":6}}],"originDataSourceId":"raw:com.google.sleep.segment:com.xiaomi.hm.health:GoogleFitSyncHelper- sleep segments","endTimeNanos":1700556120000000000,"dataTypeName":"com.google.sleep.segment","startTimeNanos":1700555760000000000,"modifiedTimeMillis":1700585548869,"rawTimestampNanos":0},
        {"fitValue":[{"value":{"intVal":4}}],"originDataSourceId":"raw:com.google.sleep.segment:com.xiaomi.hm.health:GoogleFitSyncHelper- sleep segments","endTimeNanos":1700556180000000000,"dataTypeName":"com.google.sleep.segment","startTimeNanos":1700556120000000000,"modifiedTimeMillis":1700585548869,"rawTimestampNanos":0},
        {"fitValue":[{"value":{"intVal":6}}],"originDataSourceId":"raw:com.google.sleep.segment:com.xiaomi.hm.health:GoogleFitSyncHelper- sleep segments","endTimeNanos":1700556660000000000,"dataTypeName":"com.google.sleep.segment","startTimeNanos":1700556180000000000,"modifiedTimeMillis":1700585548869,"rawTimestampNanos":0},
        {"fitValue":[{"value":{"intVal":4}}],"originDataSourceId":"raw:com.google.sleep.segment:com.xiaomi.hm.health:GoogleFitSyncHelper- sleep segments","endTimeNanos":1700559600000000000,"dataTypeName":"com.google.sleep.segment","startTimeNanos":1700556660000000000,"modifiedTimeMillis":1700585554927,"rawTimestampNanos":0},
        {"fitValue":[{"value":{"intVal":6}}],"originDataSourceId":"raw:com.google.sleep.segment:com.xiaomi.hm.health:GoogleFitSyncHelper- sleep segments","endTimeNanos":1700560080000000000,"dataTypeName":"com.google.sleep.segment","startTimeNanos":1700559600000000000,"modifiedTimeMillis":1700585554927,"rawTimestampNanos":0},
        {"fitValue":[{"value":{"intVal":4}}],"originDataSourceId":"raw:com.google.sleep.segment:com.xiaomi.hm.health:GoogleFitSyncHelper- sleep segments","endTimeNanos":1700560200000000000,"dataTypeName":"com.google.sleep.segment","startTimeNanos":1700560080000000000,"modifiedTimeMillis":1700585554927,"rawTimestampNanos":0},
        {"fitValue":[{"value":{"intVal":6}}],"originDataSourceId":"raw:com.google.sleep.segment:com.xiaomi.hm.health:GoogleFitSyncHelper- sleep segments","endTimeNanos":1700560560000000000,"dataTypeName":"com.google.sleep.segment","startTimeNanos":1700560200000000000,"modifiedTimeMillis":1700585554927,"rawTimestampNanos":0},
        {"fitValue":[{"value":{"intVal":4}}],"originDataSourceId":"raw:com.google.sleep.segment:com.xiaomi.hm.health:GoogleFitSyncHelper- sleep segments","endTimeNanos":1700560860000000000,"dataTypeName":"com.google.sleep.segment","startTimeNanos":1700560560000000000,"modifiedTimeMillis":1700585554927,"rawTimestampNanos":0},
        {"fitValue":[{"value":{"intVal":6}}],"originDataSourceId":"raw:com.google.sleep.segment:com.xiaomi.hm.health:GoogleFitSyncHelper- sleep segments","endTimeNanos":1700561280000000000,"dataTypeName":"com.google.sleep.segment","startTimeNanos":1700560860000000000,"modifiedTimeMillis":1700585554927,"rawTimestampNanos":0},
        {"fitValue":[{"value":{"intVal":4}}],"originDataSourceId":"raw:com.google.sleep.segment:com.xiaomi.hm.health:GoogleFitSyncHelper- sleep segments","endTimeNanos":1700561460000000000,"dataTypeName":"com.google.sleep.segment","startTimeNanos":1700561280000000000,"modifiedTimeMillis":1700585554927,"rawTimestampNanos":0},
        {"fitValue":[{"value":{"intVal":6}}],"originDataSourceId":"raw:com.google.sleep.segment:com.xiaomi.hm.health:GoogleFitSyncHelper- sleep segments","endTimeNanos":1700561880000000000,"dataTypeName":"com.google.sleep.segment","startTimeNanos":1700561460000000000,"modifiedTimeMillis":1700585554927,"rawTimestampNanos":0},
        {"fitValue":[{"value":{"intVal":4}}],"originDataSourceId":"raw:com.google.sleep.segment:com.xiaomi.hm.health:GoogleFitSyncHelper- sleep segments","endTimeNanos":1700562420000000000,"dataTypeName":"com.google.sleep.segment","startTimeNanos":1700561880000000000,"modifiedTimeMillis":1700585554927,"rawTimestampNanos":0},
        {"fitValue":[{"value":{"intVal":4}}],"originDataSourceId":"raw:com.google.sleep.segment:com.xiaomi.hm.health:GoogleFitSyncHelper- sleep segments","endTimeNanos":1700629080000000000,"dataTypeName":"com.google.sleep.segment","startTimeNanos":1700619900000000000,"modifiedTimeMillis":1700641332946,"rawTimestampNanos":0},
        {"fitValue":[{"value":{"intVal":6}}],"originDataSourceId":"raw:com.google.sleep.segment:com.xiaomi.hm.health:GoogleFitSyncHelper- sleep segments","endTimeNanos":1700629500000000000,"dataTypeName":"com.google.sleep.segment","startTimeNanos":1700629080000000000,"modifiedTimeMillis":1700641332946,"rawTimestampNanos":0},
        {"fitValue":[{"value":{"intVal":4}}],"originDataSourceId":"raw:com.google.sleep.segment:com.xiaomi.hm.health:GoogleFitSyncHelper- sleep segments","endTimeNanos":1700631960000000000,"dataTypeName":"com.google.sleep.segment","startTimeNanos":1700629500000000000,"modifiedTimeMillis":1700641332946,"rawTimestampNanos":0},
        {"fitValue":[{"value":{"intVal":6}}],"originDataSourceId":"raw:com.google.sleep.segment:com.xiaomi.hm.health:GoogleFitSyncHelper- sleep segments","endTimeNanos":1700632740000000000,"dataTypeName":"com.google.sleep.segment","startTimeNanos":1700631960000000000,"modifiedTimeMillis":1700641332946,"rawTimestampNanos":0},
        {"fitValue":[{"value":{"intVal":4}}],"originDataSourceId":"raw:com.google.sleep.segment:com.xiaomi.hm.health:GoogleFitSyncHelper- sleep segments","endTimeNanos":1700632920000000000,"dataTypeName":"com.google.sleep.segment","startTimeNanos":1700632740000000000,"modifiedTimeMillis":1700641332946,"rawTimestampNanos":0},
        {"fitValue":[{"value":{"intVal":5}}],"originDataSourceId":"raw:com.google.sleep.segment:com.xiaomi.hm.health:GoogleFitSyncHelper- sleep segments","endTimeNanos":1700633820000000000,"dataTypeName":"com.google.sleep.segment","startTimeNanos":1700632920000000000,"modifiedTimeMillis":1700641332946,"rawTimestampNanos":0},
        {"fitValue":[{"value":{"intVal":4}}],"originDataSourceId":"raw:com.google.sleep.segment:com.xiaomi.hm.health:GoogleFitSyncHelper- sleep segments","endTimeNanos":1700634720000000000,"dataTypeName":"com.google.sleep.segment","startTimeNanos":1700633820000000000,"modifiedTimeMillis":1700641332946,"rawTimestampNanos":0},
        {"fitValue":[{"value":{"intVal":6}}],"originDataSourceId":"raw:com.google.sleep.segment:com.xiaomi.hm.health:GoogleFitSyncHelper- sleep segments","endTimeNanos":1700636280000000000,"dataTypeName":"com.google.sleep.segment","startTimeNanos":1700634720000000000,"modifiedTimeMillis":1700641332946,"rawTimestampNanos":0},
        {"fitValue":[{"value":{"intVal":4}}],"originDataSourceId":"raw:com.google.sleep.segment:com.xiaomi.hm.health:GoogleFitSyncHelper- sleep segments","endTimeNanos":1700636580000000000,"dataTypeName":"com.google.sleep.segment","startTimeNanos":1700636280000000000,"modifiedTimeMillis":1700641332946,"rawTimestampNanos":0},
        {"fitValue":[{"value":{"intVal":6}}],"originDataSourceId":"raw:com.google.sleep.segment:com.xiaomi.hm.health:GoogleFitSyncHelper- sleep segments","endTimeNanos":1700637240000000000,"dataTypeName":"com.google.sleep.segment","startTimeNanos":1700636580000000000,"modifiedTimeMillis":1700641332946,"rawTimestampNanos":0},
        {"fitValue":[{"value":{"intVal":4}}],"originDataSourceId":"raw:com.google.sleep.segment:com.xiaomi.hm.health:GoogleFitSyncHelper- sleep segments","endTimeNanos":1700637540000000000,"dataTypeName":"com.google.sleep.segment","startTimeNanos":1700637240000000000,"modifiedTimeMillis":1700641332946,"rawTimestampNanos":0},
        {"fitValue":[{"value":{"intVal":4}}],"originDataSourceId":"raw:com.google.sleep.segment:com.xiaomi.hm.health:GoogleFitSyncHelper- sleep segments","endTimeNanos":1700637840000000000,"dataTypeName":"com.google.sleep.segment","startTimeNanos":1700637540000000000,"modifiedTimeMillis":1700641332946,"rawTimestampNanos":0},
        {"fitValue":[{"value":{"intVal":6}}],"originDataSourceId":"raw:com.google.sleep.segment:com.xiaomi.hm.health:GoogleFitSyncHelper- sleep segments","endTimeNanos":1700638080000000000,"dataTypeName":"com.google.sleep.segment","startTimeNanos":1700637840000000000,"modifiedTimeMillis":1700641332946,"rawTimestampNanos":0},
        {"fitValue":[{"value":{"intVal":4}}],"originDataSourceId":"raw:com.google.sleep.segment:com.xiaomi.hm.health:GoogleFitSyncHelper- sleep segments","endTimeNanos":1700638500000000000,"dataTypeName":"com.google.sleep.segment","startTimeNanos":1700638080000000000,"modifiedTimeMillis":1700641332946,"rawTimestampNanos":0}
    ]
}