{
    "Data Source": "derived:com.google.heart_rate.bpm:com.google.android.gms:resting_heart_rate\u003c-merge_heart_rate_bpm",
    "Data Points": [
        {"fitValue":[{"value":{"fpVal":78}}],"originDataSourceId":"derived:com.google.heart_rate.bpm:com.google.android.gms:resting_heart_rate<-merge_heart_rate_bpm","endTimeNanos":1700542800000000000,"dataTypeName":"com.google.heart_rate.bpm","startTimeNanos":1700542800000000000,"modifiedTimeMillis":1700622880490,"rawTimestampNanos":0},
        {"fitValue":[{"value":{"fpVal":67}}],"originDataSourceId":"derived:com.google.heart_rate.bpm:com.google.android.gms:resting_heart_rate<-merge_heart_rate_bpm","endTimeNanos":1700546400000000000,"dataTypeName":"com.google.heart_rate.bpm","startTimeNanos":1700546400000000000,"modifiedTimeMillis":1700622880490,"rawTimestampNanos":0},
        {"fitValue":[{"value":{"fpVal":69}}],"originDataSourceId":"derived:com.google.heart_rate.bpm:com.google.android.gms:resting_heart_rate<-merge_heart_rate_bpm","endTimeNanos":1700550000000000000,"dataTypeName":"com.google.heart_rate.bpm","startTimeNanos":1700550000000000000,"modifiedTimeMillis":1700585548892,"rawTimestampNanos":0},
        {"fitValue":[{"value":{"fpVal":66}}],"originDataSourceId":"derived:com.google.heart_rate.bpm:com.google.android.gms:resting_heart_rate<-merge_heart_rate_bpm","endTimeNanos":1700553600000000000,"dataTypeName":"com.google.heart_rate.bpm","startTimeNanos":1700553600000000000,"modifiedTimeMillis":1700585548892,"rawTimestampNanos":0},
        {"fitValue":[{"value":{"fpVal":66}}],"originDataSourceId":"derived:com.google.heart_rate.bpm:com.google.android.gms:resting_heart_rate<-merge_heart_rate_bpm","endTimeNanos":1700557200000000000,"dataTypeName":"com.google.heart_rate.bpm","startTimeNanos":1700557200000000000,"modifiedTimeMillis":1700585548892,"rawTimestampNanos":0},
        {"fitValue":[{"value":{"fpVal":64}}],"originDataSourceId":"derived:com.google.heart_rate.bpm:com.google.android.gms:resting_heart_rate<-merge_heart_rate_bpm","endTimeNanos":1700560800000000000,"dataTypeName":"com.google.heart_rate.bpm","startTimeNanos":1700560800000000000,"modifiedTimeMillis":1700622880490,"rawTimestampNanos":0},
        {"fitValue":[{"value":{"fpVal":64}}],"originDataSourceId":"derived:com.google.heart_rate.bpm:com.google.android.gms:resting_heart_rate<-merge_heart_rate_bpm","endTimeNanos":1700564400000000000,"dataTypeName":"com.google.heart_rate.bpm","startTimeNanos":1700564400000000000,"modifiedTimeMillis":1700622880490,"rawTimestampNanos":0},
        {"fitValue":[{"value":{"fpVal":64}}],"originDataSourceId":"derived:com.google.heart_rate.bpm:com.google.android.gms:resting_heart_rate<-merge_heart_rate_bpm","endTimeNanos":1700568000000000000,"dataTypeName":"com.google.heart_rate.bpm","startTimeNanos":1700568000000000000,"modifiedTimeMillis":1700622880490,"rawTimestampNanos":0},
        {"fitValue":[{"value":{"fpVal":64}}],"originDataSourceId":"derived:com.google.heart_rate.bpm:com.google.android.gms:resting_heart_rate<-merge_heart_rate_bpm","endTimeNanos":1700571600000000000,"dataTypeName":"com.google.heart_rate.bpm","startTimeNanos":1700571600000000000,"modifiedTimeMillis":1700622880490,"rawTimestampNanos":0},
        {"fitValue":[{"value":{"fpVal":66}}],"originDataSourceId":"derived:com.google.heart_rate.bpm:com.google.android.gms:resting_heart_rate<-merge_heart_rate_bpm","endTimeNanos":1700575200000000000,"dataTypeName":"com.google.heart_rate.bpm","startTimeNanos":1700575200000000000,"modifiedTimeMillis":1700585554936,"rawTimestampNanos":0},
        {"fitValue":[{"value":{"fpVal":64}}],"originDataSourceId":"derived:com.google.heart_rate.bpm:com.google.android.gms:resting_heart_rate<-merge_heart_rate_bpm","endTimeNanos":1700578800000000000,"dataTypeName":"com.google.heart_rate.bpm","startTimeNanos":1700578800000000000,"modifiedTimeMillis":1700622880490,"rawTimestampNanos":0},
        {"fitValue":[{"value":{"fpVal":66}}],"originDataSourceId":"derived:com.google.heart_rate.bpm:com.google.android.gms:resting_heart_rate<-merge_heart_rate_bpm","endTimeNanos":1700582400000000000,"dataTypeName":"com.google.heart_rate.bpm","startTimeNanos":1700582400000000000,"modifiedTimeMillis":1700585559883,"rawTimestampNanos":0},
        {"fitValue":[{"value":{"fpVal":66}}],"originDataSourceId":"derived:com.google.heart_rate.bpm:com.google.android.gms:resting_heart_rate<-merge_heart_rate_bpm","endTimeNanos":1700586000000000000,"dataTypeName":"com.google.heart_rate.bpm","startTimeNanos":1700586000000000000,"modifiedTimeMillis":1700588696435,"rawTimestampNanos":0},
        {"fitValue":[{"value":{"fpVal":66}}],"originDataSourceId":"derived:com.google.heart_rate.bpm:com.google.android.gms:resting_heart_rate<-merge_heart_rate_bpm","endTimeNanos":1700589600000000000,"dataTypeName":"com.google.heart_rate.bpm","startTimeNanos":1700589600000000000,"modifiedTimeMillis":1700622880490,"rawTimestampNanos":0},
        {"fitValue":[{"value":{"fpVal":67}}],"originDataSourceId":"derived:com.google.heart_rate.bpm:com.google.android.gms:resting_heart_rate<-merge_heart_rate_bpm","endTimeNanos":1700593200000000000,"dataTypeName":"com.google.heart_rate.bpm","startTimeNanos":1700593200000000000,"modifiedTimeMillis":1700604087995,"rawTimestampNanos":0},
        {"fitValue":[{"value":{"fpVal":67}}],"originDataSourceId":"derived:com.google.heart_rate.bpm:com.google.android.gms:resting_heart_rate<-merge_heart_rate_bpm","endTimeNanos":1700596800000000000,"dataTypeName":"com.google.heart_rate.bpm","startTimeNanos":1700596800000000000,"modifiedTimeMillis":1700604087995,"rawTimestampNanos":0},
        {"fitValue":[{"value":{"fpVal":67}}],"originDataSourceId":"derived:com.google.heart_rate.bpm:com.google.android.gms:resting_heart_rate<-merge_heart_rate_bpm","endTimeNanos":1700600400000000000,"dataTypeName":"com.google.heart_rate.bpm","startTimeNanos":1700600400000000000,"modifiedTimeMillis":1700604087995,"rawTimestampNanos":0},
        {"fitValue":[{"value":{"fpVal":67}}],"originDataSourceId":"derived:com.google.heart_rate.bpm:com.google.android.gms:resting_heart_rate<-merge_heart_rate_bpm","endTimeNanos":1700604000000000000,"dataTypeName":"com.google.heart_rate.bpm","startTimeNanos":1700604000000000000,"modifiedTimeMillis":1700611753937,"rawTimestampNanos":0},
        {"fitValue":[{"value":{"fpVal":67}}],"originDataSourceId":"derived:com.google.heart_rate.bpm:com.google.android.gms:resting_heart_rate<-merge_heart_rate_bpm","endTimeNanos":1700607600000000000,"dataTypeName":"com.google.heart_rate.bpm","startTimeNanos":1700607600000000000,"modifiedTimeMillis":1700611753937,"rawTimestampNanos":0},
        {"fitValue":[{"value":{"fpVal":68}}],"originDataSourceId":"derived:com.google.heart_rate.bpm:com.google.android.gms:resting_heart_rate<-merge_heart_rate_bpm","endTimeNanos":1700611200000000000,"dataTypeName":"com.google.heart_rate.bpm","startTimeNanos":1700611200000000000,"modifiedTimeMillis":1700619435782,"rawTimestampNanos":0},
        {"fitValue":[{"value":{"fpVal":68}}],"originDataSourceId":"derived:com.google.heart_rate.bpm:com.google.android.gms:resting_heart_rate<-merge_heart_rate_bpm","endTimeNanos":1700614800000000000,"dataTypeName":"com.google.heart_rate.bpm","startTimeNanos":1700614800000000000,"modifiedTimeMillis":1700619435782,"rawTimestampNanos":0},
        {"fitValue":[{"value":{"fpVal":68}}],"originDataSourceId":"derived:com.google.heart_rate.bpm:com.google.android.gms:resting_heart_rate<-merge_heart_rate_bpm","endTimeNanos":1700618400000000000,"dataTypeName":"com.google.heart_rate.bpm","startTimeNanos":1700618400000000000,"modifiedTimeMillis":1700619435782,"rawTimestampNanos":0},
        {"fitValue":[{"value":{"fpVal":68}}],"originDataSourceId":"derived:com.google.heart_rate.bpm:com.google.android.gms:resting_heart_rate<-merge_heart_rate_bpm","endTimeNanos":1700622000000000000,"dataTypeName":"com.google.heart_rate.bpm","startTimeNanos":1700622000000000000,"modifiedTimeMillis":1700641332946,"rawTimestampNanos":0},
        {"fitValue":[{"value":{"fpVal":68}}],"originDataSourceId":"derived:com.google.heart_rate.bpm:com.google.android.gms:resting_heart_rate<-merge_heart_rate_bpm","endTimeNanos":1700625600000000000,"dataTypeName":"com.google.heart_rate.bpm","startTimeNanos":1700625600000000000,"modifiedTimeMillis":1700641332946,"rawTimestampNanos":0},
        {"fitValue":[{"value":{"fpVal":68}}],"originDataSourceId":"derived:com.google.heart_rate.bpm:com.google.android.gms:resting_heart_rate<-merge_heart_rate_bpm","endTimeNanos":1700629200000000000,"dataTypeName":"com.google.heart_rate.bpm","startTimeNanos":1700629200000000000,"modifiedTimeMillis":1700641332946,"rawTimestampNanos":0},
        {"fitValue":[{"value":{"fpVal":69}}],"originDataSourceId":"derived:com.google.heart_rate.bpm:com.google.android.gms:resting_heart_rate<-merge_heart_rate_bpm","endTimeNanos":1700632800000000000,"dataTypeName":"com.google.heart_rate.bpm","startTimeNanos":1700632800000000000,"modifiedTimeMillis":1700641332946,"rawTimestampNanos":0},
        {"fitValue":[{"value":{"fpVal":69}}],"originDataSourceId":"derived:com.google.heart_rate.bpm:com.google.android.gms:resting_heart_rate<-merge_heart_rate_bpm","endTimeNanos":1700636400000000000,"dataTypeName":"com.google.heart_rate.bpm","startTimeNanos":1700636400000000000,"modifiedTimeMillis":1700641332946,"rawTimestampNanos":0}
    ]
}